{"cameraMode":{"drawMode":0,"name":"Shaded","section":"Shading Mode"},"sceneLighting":false,"audioPlay":false,"sceneViewState":{"m_AlwaysRefresh":false,"showFog":true,"showSkybox":false,"showFlares":true,"showImageEffects":true,"showParticleSystems":true,"showVisualEffectGraphs":true,"m_FxEnabled":true},"in2DMode":false,"pivot":{"x":-0.00000476837158203125,"y":2.250349998474121,"z":0.00000476837158203125},"rotation":{"x":-0.20904028415679933,"y":0.38687705993652346,"z":-0.09050699323415756,"w":-0.893554151058197},"size":7.931785583496094,"orthographic":false}