{"cameraMode":{"drawMode":0,"name":"Shaded","section":"Shading Mode"},"sceneLighting":false,"audioPlay":false,"sceneViewState":{"m_AlwaysRefresh":false,"showFog":true,"showSkybox":false,"showFlares":true,"showImageEffects":true,"showParticleSystems":true,"showVisualEffectGraphs":true,"m_FxEnabled":true},"in2DMode":false,"pivot":{"x":0.09803009033203125,"y":1.000396728515625,"z":81.18305206298828},"rotation":{"x":-0.03701255843043327,"y":-0.5649879574775696,"z":0.024523569270968438,"w":-0.8241714835166931},"size":61.37807083129883,"orthographic":false}