{"cameraMode":{"drawMode":0,"name":"Shaded","section":"Shading Mode"},"sceneLighting":false,"audioPlay":false,"sceneViewState":{"m_AlwaysRefresh":false,"showFog":true,"showSkybox":false,"showFlares":true,"showImageEffects":true,"showParticleSystems":true,"showVisualEffectGraphs":true,"m_FxEnabled":true},"in2DMode":false,"pivot":{"x":14.745865821838379,"y":-0.38254785537719729,"z":-3.8169960975646974},"rotation":{"x":0.09819471836090088,"y":-0.8062934875488281,"z":0.140132337808609,"w":0.5668318271636963},"size":11.094930648803711,"orthographic":false}