{"cameraMode":{"drawMode":0,"name":"Shaded","section":"Shading Mode"},"sceneLighting":false,"audioPlay":false,"sceneViewState":{"m_AlwaysRefresh":false,"showFog":true,"showSkybox":false,"showFlares":true,"showImageEffects":true,"showParticleSystems":true,"showVisualEffectGraphs":true,"m_FxEnabled":true},"in2DMode":false,"pivot":{"x":-0.11662101745605469,"y":-3.6533946990966799,"z":5.5462141036987309},"rotation":{"x":0.015954377129673959,"y":-0.8472561240196228,"z":-0.026117369532585145,"w":-0.5306918025016785},"size":30.02564811706543,"orthographic":false}