{"cameraMode":{"drawMode":0,"name":"Shaded","section":"Shading Mode"},"sceneLighting":false,"audioPlay":false,"sceneViewState":{"m_AlwaysRefresh":false,"showFog":true,"showSkybox":false,"showFlares":true,"showImageEffects":true,"showParticleSystems":true,"showVisualEffectGraphs":true,"m_FxEnabled":true},"in2DMode":false,"pivot":{"x":22.898195266723634,"y":0.022771835327148439,"z":22.588560104370118},"rotation":{"x":-0.14920170605182649,"y":0.8498468995094299,"z":-0.36876848340034487,"w":-0.34718379378318789},"size":1.9655812978744507,"orthographic":false}