{"cameraMode":{"drawMode":0,"name":"Shaded","section":"Shading Mode"},"sceneLighting":false,"audioPlay":false,"sceneViewState":{"m_AlwaysRefresh":false,"showFog":true,"showSkybox":false,"showFlares":true,"showImageEffects":true,"showParticleSystems":true,"showVisualEffectGraphs":true,"m_FxEnabled":true},"in2DMode":false,"pivot":{"x":0.3183150887489319,"y":-0.1746315211057663,"z":-0.17737501859664918},"rotation":{"x":-0.08558094501495362,"y":-0.8299171328544617,"z":0.13395489752292634,"w":-0.53511643409729},"size":0.45512890815734866,"orthographic":false}