{"cameraMode":{"drawMode":0,"name":"Shaded","section":"Shading Mode"},"sceneLighting":false,"audioPlay":false,"sceneViewState":{"m_AlwaysRefresh":false,"showFog":true,"showSkybox":false,"showFlares":true,"showImageEffects":true,"showParticleSystems":true,"showVisualEffectGraphs":true,"m_FxEnabled":true},"in2DMode":false,"pivot":{"x":0.3156999945640564,"y":-0.0289665088057518,"z":0.13400530815124513},"rotation":{"x":-0.1281668245792389,"y":-0.8038651943206787,"z":0.18871508538722993,"w":-0.5496689677238464},"size":0.45512890815734866,"orthographic":false}