{"cameraMode":{"drawMode":0,"name":"Shaded","section":"Shading Mode"},"sceneLighting":true,"audioPlay":false,"sceneViewState":{"m_AlwaysRefresh":false,"showFog":true,"showSkybox":true,"showFlares":true,"showImageEffects":true,"showParticleSystems":true,"showVisualEffectGraphs":true,"m_FxEnabled":true},"in2DMode":false,"pivot":{"x":427.2761535644531,"y":158.5220947265625,"z":344.34332275390627},"rotation":{"x":-0.21870656311511994,"y":-0.2135297954082489,"z":0.048476267606019977,"w":-0.9510613679885864},"size":1.6760039329528809,"orthographic":false}