{"cameraMode":{"drawMode":0,"name":"Shaded","section":"Shading Mode"},"sceneLighting":true,"audioPlay":false,"sceneViewState":{"m_AlwaysRefresh":false,"showFog":true,"showSkybox":false,"showFlares":true,"showImageEffects":true,"showParticleSystems":true,"showVisualEffectGraphs":true,"m_FxEnabled":true},"in2DMode":false,"pivot":{"x":2.8748722076416017,"y":1.614999771118164,"z":26.400001525878908},"rotation":{"x":-0.03677094727754593,"y":-0.4576507806777954,"z":0.018996113911271097,"w":-0.8882089853286743},"size":12.124356269836426,"orthographic":false}